mean_fit_time,std_fit_time,mean_score_time,std_score_time,param_max_depth,param_min_samples_leaf,param_n_estimators,params,split0_test_score,split1_test_score,split2_test_score,mean_test_score,std_test_score,rank_test_score,split0_train_score,split1_train_score,split2_train_score,mean_train_score,std_train_score
0.08414347966512044,0.005169993655924031,0.040457725524902344,0.0012177813445608224,,1,50,"{'max_depth': None, 'min_samples_leaf': 1, 'n_estimators': 50}",-0.3773804054054061,-0.38927891891891836,-0.38088108108108104,-0.3825134684684685,0.004992806318073004,23,-0.15180445945946128,-0.1341427027027037,-0.1308079279279282,-0.13891836336336438,0.009212990290815909
0.1815489133199056,0.004723541309040311,0.056089560190836586,0.0051614368633260315,,1,100,"{'max_depth': None, 'min_samples_leaf': 1, 'n_estimators': 100}",-0.3760392567567543,-0.3857247297297306,-0.37808554054053956,-0.3799498423423415,0.004168038114326289,14,-0.15083506756757023,-0.13097918918919146,-0.12930630630630632,-0.13704018768768933,0.009778332082048195
0.35373910268147785,0.02928280873660995,0.07139015197753906,0.010729376397831412,,1,200,"{'max_depth': None, 'min_samples_leaf': 1, 'n_estimators': 200}",-0.37778999999999624,-0.38102594594594735,-0.378389358108108,-0.3790684346846838,0.0014056304134728716,10,-0.14773168918919077,-0.12894682432432675,-0.12836373873873894,-0.13501408408408547,0.008995854856805999
0.13133502006530762,0.023684004018938377,0.04499650001525879,0.0058296614342519286,,3,50,"{'max_depth': None, 'min_samples_leaf': 3, 'n_estimators': 50}",-0.4063013236024492,-0.3732297738491634,-0.35805456450643897,-0.37919522065268385,0.020143276090569043,11,-0.2579473280405786,-0.2080486863181865,-0.2058724831237329,-0.22395616582749933,0.024051795449720442
0.2107551097869873,0.010746799472383715,0.03770709037780762,0.002183240010108763,,3,100,"{'max_depth': None, 'min_samples_leaf': 3, 'n_estimators': 100}",-0.39230637836956583,-0.36894522102872856,-0.35678324254330523,-0.37267828064719993,0.01474053584098479,2,-0.25188278082578214,-0.2086943801742549,-0.2054224231279222,-0.2219998613759864,0.02117259363517684
0.34449346860249835,0.00636646104053037,0.08516685167948405,0.01033954376736304,,3,200,"{'max_depth': None, 'min_samples_leaf': 3, 'n_estimators': 200}",-0.39222127638437143,-0.3691877432463095,-0.3598648707103707,-0.37375796344701717,0.013599005638828751,4,-0.2512447381138951,-0.2083369319382283,-0.20333980478424285,-0.2209738249454554,0.021501766717903055
0.09474317232767741,0.004149524981482752,0.04145034154256185,0.0071862188047458085,,5,50,"{'max_depth': None, 'min_samples_leaf': 5, 'n_estimators': 50}",-0.4197818692893494,-0.37984637339231286,-0.3556416692511446,-0.385089970644269,0.02644633307084082,26,-0.3038894474254986,-0.25516224704284995,-0.2481641947382444,-0.26907196306886433,0.024784889169382412
0.17874797185262045,0.017118438906575908,0.04680752754211426,0.0014127125628785836,,5,100,"{'max_depth': None, 'min_samples_leaf': 5, 'n_estimators': 100}",-0.4086952789284043,-0.3792837852917841,-0.35445986729522044,-0.38081297717180296,0.022167901563742414,19,-0.29789578497576025,-0.25369161664777157,-0.24689662147618258,-0.26616134103323813,0.022610457596744748
0.35288651784261066,0.017384404286929576,0.07719882329305013,0.0028370927036454907,,5,200,"{'max_depth': None, 'min_samples_leaf': 5, 'n_estimators': 200}",-0.40566874379511086,-0.3818757964577754,-0.3562882263878057,-0.38127758888023067,0.020163949085478694,21,-0.29790531994993297,-0.25395124864031665,-0.24473014863528716,-0.2655289057418456,0.023201024676450823
0.11700828870137532,0.002062566999136406,0.042560180028279625,0.005090672745787067,8,1,50,"{'max_depth': 8, 'min_samples_leaf': 1, 'n_estimators': 50}",-0.3774770020757656,-0.3877340588848338,-0.3767124984465109,-0.3806411864690367,0.005025119950798307,16,-0.16139479809950652,-0.1627396373969842,-0.17116895956890113,-0.16510113168846394,0.004325586632582774
0.18806989987691244,0.012550303116916345,0.04325461387634277,0.006082039625184346,8,1,100,"{'max_depth': 8, 'min_samples_leaf': 1, 'n_estimators': 100}",-0.37302456654019817,-0.3835069318313749,-0.3763674478077579,-0.37763298205977697,0.004371969672942382,8,-0.1624801304752402,-0.16115985968175614,-0.17125207505319529,-0.16496402173673055,0.004478875575041812
0.35531099637349445,0.024306541854858962,0.06795366605122884,0.01327790744000176,8,1,200,"{'max_depth': 8, 'min_samples_leaf': 1, 'n_estimators': 200}",-0.3745845498908962,-0.37955938460015426,-0.37638884687673824,-0.3768442604559296,0.002056339181197761,7,-0.16000971741657805,-0.1582962331887451,-0.1693337339645261,-0.1625465615232831,0.0048499683407993936
0.09980074564615886,0.006984525481198262,0.02579609553019206,0.0010201410918136047,8,3,50,"{'max_depth': 8, 'min_samples_leaf': 3, 'n_estimators': 50}",-0.40690966065966927,-0.37436542954119556,-0.3557672635084586,-0.37901411790310785,0.02113597130025294,9,-0.25923179039680583,-0.2121301770522777,-0.21548423002076,-0.22894873248994785,0.02145709074675054
0.1904745101928711,0.007676027070023898,0.04577509562174479,0.004953250286510227,8,3,100,"{'max_depth': 8, 'min_samples_leaf': 3, 'n_estimators': 100}",-0.39255586952604876,-0.36996135835678917,-0.3558443435493647,-0.3727871904774009,0.015120031531373609,3,-0.25303357898666134,-0.21288053611510555,-0.2142642954447424,-0.22672613684883644,0.018610746561182397
0.3507905801137288,0.01723302658169779,0.07494020462036133,0.015682677865887455,8,3,200,"{'max_depth': 8, 'min_samples_leaf': 3, 'n_estimators': 200}",-0.392704619036908,-0.3703675781958497,-0.3591798288635103,-0.37408400869875597,0.013936445764129515,6,-0.25202064612762887,-0.21248452427234338,-0.21186229150125413,-0.22545582063374212,0.018785885810821655
0.11386752128601074,0.020922939633734077,0.03861093521118164,0.010953562217626476,8,5,50,"{'max_depth': 8, 'min_samples_leaf': 5, 'n_estimators': 50}",-0.4197818692893491,-0.3797638805676175,-0.35433136597423603,-0.3846257052770676,0.026940305624095037,25,-0.30388944742549895,-0.25542716962710293,-0.24957898827410616,-0.269631868442236,0.024341139313656602
0.20098066329956055,0.02866223704375659,0.040129661560058594,0.003142089161831726,8,5,100,"{'max_depth': 8, 'min_samples_leaf': 5, 'n_estimators': 100}",-0.4087039955897279,-0.3793556219170938,-0.35390871143080327,-0.380656109645875,0.022388974113223045,17,-0.2979306516210617,-0.2540542003696232,-0.2481163932578052,-0.26670041508283004,0.02221576233217779
0.35890881220499676,0.009164060254773579,0.05782087643941244,0.003133203513090671,8,5,200,"{'max_depth': 8, 'min_samples_leaf': 5, 'n_estimators': 200}",-0.40567310212577334,-0.38186479175967125,-0.3558131368392036,-0.38111701024154937,0.02036211216112935,20,-0.29792644109083677,-0.25429704981757456,-0.24602523251364228,-0.2660829078073512,0.022768599713344228
0.09147286415100098,0.007409772178359242,0.025578896204630535,0.0027639675835763457,16,1,50,"{'max_depth': 16, 'min_samples_leaf': 1, 'n_estimators': 50}",-0.37693797297297277,-0.38962785585585563,-0.3840694469404458,-0.3835450919230914,0.005193874150284444,24,-0.15169527027027213,-0.13384336936937005,-0.13052364650364695,-0.1386874287144297,0.009297243191137429
0.20961316426595053,0.010640852881572552,0.0391392707824707,0.00573447523619073,16,1,100,"{'max_depth': 16, 'min_samples_leaf': 1, 'n_estimators': 100}",-0.37586452702702494,-0.3860469276309276,-0.3780083223548215,-0.379973259004258,0.004383001448156544,15,-0.15078047297297495,-0.13091414191664413,-0.12882579030329025,-0.13684013506430312,0.009894108309871901
0.3875635464986165,0.026426822533281255,0.0762936274210612,0.013819195810217635,16,1,200,"{'max_depth': 16, 'min_samples_leaf': 1, 'n_estimators': 200}",-0.37770263513513114,-0.38140869375969383,-0.37865499066924085,-0.3792554398546886,0.0015714371448671922,13,-0.1476838513513523,-0.12894212798238067,-0.1279758750341253,-0.1348672847892861,0.009071262132687986
0.13256398836771646,0.012655908603234792,0.028966347376505535,0.00612678455369926,16,3,50,"{'max_depth': 16, 'min_samples_leaf': 3, 'n_estimators': 50}",-0.4063013236024489,-0.37322977384916384,-0.35805456450643947,-0.3791952206526841,0.0201432760905687,12,-0.2579473280405782,-0.20804868631818615,-0.2058724831237329,-0.2239561658274991,0.024051795449720303
0.20860958099365234,0.012243210727567485,0.03624860445658366,0.0016499218593998778,16,3,100,"{'max_depth': 16, 'min_samples_leaf': 3, 'n_estimators': 100}",-0.39230637836956617,-0.3689452210287285,-0.3567832425433043,-0.3726782806471996,0.01474053584098528,1,-0.251882780825781,-0.2086943801742548,-0.2054224231279228,-0.22199986137598623,0.021172593635176182
0.3750343322753906,0.00022919586943802254,0.05912613868713379,0.000765201993684724,16,3,200,"{'max_depth': 16, 'min_samples_leaf': 3, 'n_estimators': 200}",-0.39222127638437154,-0.3691877432463088,-0.359864870710371,-0.37375796344701717,0.01359900563882878,4,-0.2512447381138944,-0.20833693193822814,-0.20333980478424254,-0.22097382494545503,0.02150176671790286
0.12136069933573405,0.02058900776420198,0.03349033991495768,0.009387003663183614,16,5,50,"{'max_depth': 16, 'min_samples_leaf': 5, 'n_estimators': 50}",-0.41978186928934924,-0.37984637339231303,-0.35564166925114515,-0.3850899706442692,0.02644633307084053,27,-0.30388944742549884,-0.25516224704284984,-0.2481641947382444,-0.26907196306886433,0.024784889169382537
0.17889849344889322,0.012911353005052995,0.03446181615193685,0.0014604247671682405,16,5,100,"{'max_depth': 16, 'min_samples_leaf': 5, 'n_estimators': 100}",-0.40869527892840274,-0.3792837852917839,-0.3544598672952203,-0.3808129771718023,0.022167901563741835,18,-0.2978957849757602,-0.2536916166477712,-0.24689662147618266,-0.266161341033238,0.02261045759674477
0.2847224871317546,0.006917757211972764,0.049577792485555015,0.004459799736953556,16,5,200,"{'max_depth': 16, 'min_samples_leaf': 5, 'n_estimators': 200}",-0.40566874379511036,-0.3818757964577756,-0.3562882263878062,-0.3812775888802307,0.020163949085478288,22,-0.29790531994993324,-0.25395124864031626,-0.24473014863528716,-0.26552890574184557,0.023201024676451017
